Company,Date,PercentChange,previous_1,previous_2,previous_3,previous_4,previous_5,AverageTweet,AverageComment,DJChange,DJHigh,DJLow,VolumeTraded
$MMM,2018-11-26,0.6496415564041114,-0.4854325858331985,-0.4957883967786592,-1.5080102645673727,-1.0826155897496592,2.8340849986001766,0.03237854628000001,0.375,-0.0020730264131096103,24408.8,24268.74,155940000
$MMM,2018-11-27,0.7884729623937357,0.6496415564041114,-0.4854325858331985,-0.4957883967786592,-1.5080102645673727,-1.0826155897496592,0.04233081518749998,-0.1,0.011332643521439123,24673.29,24364.13,306280000
$MMM,2018-11-28,1.163419367700395,0.7884729623937357,0.6496415564041114,-0.4854325858331985,-0.4957883967786592,-1.5080102645673727,0.0285235430673077,0.0,0.007806728992361415,24750.73,24416.03,308250000
$MMM,2018-11-29,0.338452179296726,1.163419367700395,0.7884729623937357,0.6496415564041114,-0.4854325858331985,-0.4957883967786592,0.02668654705952381,0.0,0.021487272498836224,25368.93,24832.84,362160000
$MMM,2018-11-30,1.742022679566103,0.338452179296726,1.163419367700395,0.7884729623937357,0.6496415564041114,-0.4854325858331985,0.012099464166666664,0.026315789500000002,-0.00018979113111178972,25479.04,25202.79,305110000
$AXP,2018-11-26,2.3611747487337453,-0.13222458753314534,0.12221232496127385,-1.357514339785344,-1.50136624474056,0.8104597887069505,0.02400994061111111,0.0,-0.0020730264131096103,24408.8,24268.74,155940000
$AXP,2018-11-27,0.5570781829694634,2.3611747487337453,-0.13222458753314534,0.12221232496127385,-1.357514339785344,-1.50136624474056,0.020445331782608687,0.033384885307692305,0.011332643521439123,24673.29,24364.13,306280000
$AXP,2018-11-28,2.320309540567038,0.5570781829694634,2.3611747487337453,-0.13222458753314534,0.12221232496127385,-1.357514339785344,0.026109516792452835,0.020000000000000004,0.007806728992361415,24750.73,24416.03,308250000
$AXP,2018-11-29,-0.6160736083984375,2.320309540567038,0.5570781829694634,2.3611747487337453,-0.13222458753314534,0.12221232496127385,-0.0080413562,0.02696078429411765,0.021487272498836224,25368.93,24832.84,362160000
$AXP,2018-11-30,1.7214767139644875,-0.6160736083984375,2.320309540567038,0.5570781829694634,2.3611747487337453,-0.13222458753314534,0.008794611268595036,0.04185402629999999,-0.00018979113111178972,25479.04,25202.79,305110000
$AAPL,2018-11-26,0.21808402895071394,-1.5148102882649848,-1.6413492563112408,-0.7792787058917731,-2.1789470471833883,1.5905505403133202,0.0,0.0,-0.0020730264131096103,24408.8,24268.74,155940000
$AAPL,2018-11-27,1.5917503782669145,0.21808402895071394,-1.5148102882649848,-1.6413492563112408,-0.7792787058917731,-2.1789470471833883,0.0,0.0,0.011332643521439123,24673.29,24364.13,306280000
$AAPL,2018-11-28,2.38216874081617,1.5917503782669145,0.21808402895071394,-1.5148102882649848,-1.6413492563112408,-0.7792787058917731,0.0,0.010375494249999999,0.007806728992361415,24750.73,24416.03,308250000
$AAPL,2018-11-29,-1.7026171838387492,2.38216874081617,1.5917503782669145,0.21808402895071394,-1.5148102882649848,-1.6413492563112408,0.0,0.0,0.021487272498836224,25368.93,24832.84,362160000
$AAPL,2018-11-30,-0.9484672021503984,-1.7026171838387492,2.38216874081617,1.5917503782669145,0.21808402895071394,-1.5148102882649848,0.0,0.0,-0.00018979113111178972,25479.04,25202.79,305110000
$BA,2018-11-26,0.25351368968121724,-0.8507913256448414,-2.3841018320309986,5.163854944832484,-4.354041389677155,-0.8997014138550885,0.0,-0.08492063491666667,-0.0020730264131096103,24408.8,24268.74,155940000
$BA,2018-11-27,0.8722405514613892,0.25351368968121724,-0.8507913256448414,-2.3841018320309986,5.163854944832484,-4.354041389677155,0.0,-0.0021751910555555557,0.011332643521439123,24673.29,24364.13,306280000
$BA,2018-11-28,2.3885542030393343,0.8722405514613892,0.25351368968121724,-0.8507913256448414,-2.3841018320309986,5.163854944832484,0.01388687906944445,-0.016974965744444438,0.007806728992361415,24750.73,24416.03,308250000
$BA,2018-11-29,1.9614835592305067,2.3885542030393343,0.8722405514613892,0.25351368968121724,-0.8507913256448414,-2.3841018320309986,0.02284898500778209,0.03203092736082475,0.021487272498836224,25368.93,24832.84,362160000
$BA,2018-11-30,1.4096061559936062,1.9614835592305067,2.3885542030393343,0.8722405514613892,0.25351368968121724,-0.8507913256448414,0.015247954372483217,0.009807744926478568,-0.00018979113111178972,25479.04,25202.79,305110000
$CAT,2018-11-26,0.9300457029417994,0.2951792497983021,0.8549121107041177,-1.2757382725239472,-2.4545030502220357,0.9084660988644944,0.025013422098039213,0.0,-0.0020730264131096103,24408.8,24268.74,155940000
$CAT,2018-11-27,0.4838697371944305,0.9300457029417994,0.2951792497983021,0.8549121107041177,-1.2757382725239472,-2.4545030502220357,0.016808219750000002,0.076893939375,0.011332643521439123,24673.29,24364.13,306280000
$CAT,2018-11-28,4.365523613310389,0.4838697371944305,0.9300457029417994,0.2951792497983021,0.8549121107041177,-1.2757382725239472,0.010152432810526316,0.018021181022727272,0.007806728992361415,24750.73,24416.03,308250000
$CAT,2018-11-29,-0.4357854059018615,4.365523613310389,0.4838697371944305,0.9300457029417994,0.2951792497983021,0.8549121107041177,0.01614265780666667,0.028297466420238095,0.021487272498836224,25368.93,24832.84,362160000
$CAT,2018-11-30,4.321410984474051,-0.4357854059018615,4.365523613310389,0.4838697371944305,0.9300457029417994,0.2951792497983021,0.020102308021428573,0.09068061857142858,-0.00018979113111178972,25479.04,25202.79,305110000
$CVX,2018-11-26,0.3315923977942395,-0.9590222348632342,0.7627694440526653,-2.6333440505725725,1.0834592736666544,1.3276574966755321,0.022988255257575762,0.0,-0.0020730264131096103,24408.8,24268.74,155940000
$CVX,2018-11-27,0.5761641336811085,0.3315923977942395,-0.9590222348632342,0.7627694440526653,-2.6333440505725725,1.0834592736666544,0.018445715948979598,0.03472222216666667,0.011332643521439123,24673.29,24364.13,306280000
$CVX,2018-11-28,2.7483005222266663,0.5761641336811085,0.3315923977942395,-0.9590222348632342,0.7627694440526653,-2.6333440505725725,0.02296970109183673,-0.04884234425,0.007806728992361415,24750.73,24416.03,308250000
$CVX,2018-11-29,0.7630364978083359,2.7483005222266663,0.5761641336811085,0.3315923977942395,-0.9590222348632342,0.7627694440526653,-0.0009762376097560942,0.0896135265,0.021487272498836224,25368.93,24832.84,362160000
$CVX,2018-11-30,0.7539172949095363,0.7630364978083359,2.7483005222266663,0.5761641336811085,0.3315923977942395,-0.9590222348632342,0.011034492138461537,0.04283413845,-0.00018979113111178972,25479.04,25202.79,305110000
$CSCO,2018-11-26,0.9525926251438752,0.20247503046823112,-0.1334846991604187,-0.9572495725874416,-1.294495132413208,-0.2367641250951417,0.025673412345238095,0.009126984166666668,-0.0020730264131096103,24408.8,24268.74,155940000
$CSCO,2018-11-27,1.474143361272808,0.9525926251438752,0.20247503046823112,-0.1334846991604187,-0.9572495725874416,-1.294495132413208,0.02059934206603774,0.017068611528571427,0.011332643521439123,24673.29,24364.13,306280000
$CSCO,2018-11-28,2.138232602117099,1.474143361272808,0.9525926251438752,0.20247503046823112,-0.1334846991604187,-0.9572495725874416,0.008607881676923078,0.005984383031250004,0.007806728992361415,24750.73,24416.03,308250000
$CSCO,2018-11-29,0.9381633526519141,2.138232602117099,1.474143361272808,0.9525926251438752,0.20247503046823112,-0.1334846991604187,0.024457193992537308,-0.00708825125,0.021487272498836224,25368.93,24832.84,362160000
$CSCO,2018-11-30,1.269300758008665,0.9381633526519141,2.138232602117099,1.474143361272808,0.9525926251438752,0.20247503046823112,0.02648975833928571,0.0,-0.00018979113111178972,25479.04,25202.79,305110000
$KO,2018-11-26,-0.28565475299542475,0.5538470928485577,-1.0156408788324902,-2.833527421007917,0.3975292044980216,1.0269801109549948,0.028953727584507028,-0.0010245951500000017,-0.0020730264131096103,24408.8,24268.74,155940000
$KO,2018-11-27,1.0024505995544264,-0.28565475299542475,0.5538470928485577,-1.0156408788324902,-2.833527421007917,0.3975292044980216,0.029436295819767446,-0.03165503810714286,0.011332643521439123,24673.29,24364.13,306280000
$KO,2018-11-28,1.0160536665357631,1.0024505995544264,-0.28565475299542475,0.5538470928485577,-1.0156408788324902,-2.833527421007917,0.0257666891874792,0.014357267562499998,0.007806728992361415,24750.73,24416.03,308250000
$KO,2018-11-29,-0.6087647006732074,1.0160536665357631,1.0024505995544264,-0.28565475299542475,0.5538470928485577,-1.0156408788324902,0.034777868947999994,0.08060182407142857,0.021487272498836224,25368.93,24832.84,362160000
$KO,2018-11-30,2.857145971181441,-0.6087647006732074,1.0160536665357631,1.0024505995544264,-0.28565475299542475,0.5538470928485577,0.03255185665151513,0.0,-0.00018979113111178972,25479.04,25202.79,305110000
$DIS,2018-11-26,-0.5566330197201446,-0.1425481430506064,0.4711100260416667,-1.4534830384750137,-0.5000015784954203,-0.2917672199881889,0.0,0.0,-0.0020730264131096103,24408.8,24268.74,155940000
$DIS,2018-11-27,0.2552600246187485,-0.5566330197201446,-0.1425481430506064,0.4711100260416667,-1.4534830384750137,-0.5000015784954203,0.0,0.0,0.011332643521439123,24673.29,24364.13,306280000
$DIS,2018-11-28,1.5570318264945406,0.2552600246187485,-0.5566330197201446,-0.1425481430506064,0.4711100260416667,-1.4534830384750137,0.0215117000503876,-0.010387375049423758,0.007806728992361415,24750.73,24416.03,308250000
$DIS,2018-11-29,0.7429810888566414,1.5570318264945406,0.2552600246187485,-0.5566330197201446,-0.1425481430506064,0.4711100260416667,0.02067809711643836,0.011397993823030089,0.021487272498836224,25368.93,24832.84,362160000
$DIS,2018-11-30,-1.1554249541544157,0.7429810888566414,1.5570318264945406,0.2552600246187485,-0.5566330197201446,-0.1425481430506064,0.05445714055860648,0.0,-0.00018979113111178972,25479.04,25202.79,305110000
$DWDP,2018-11-26,1.5677283467887029,0.40925184895726746,0.5648714672638379,-0.9662671376553524,-2.083685528836088,1.1621950515857788,0.011103479875000002,0.0,-0.0020730264131096103,24408.8,24268.74,155940000
$DWDP,2018-11-27,0.05249130095524288,1.5677283467887029,0.40925184895726746,0.5648714672638379,-0.9662671376553524,-2.083685528836088,-0.0010265198333333353,-0.0384615385,0.011332643521439123,24673.29,24364.13,306280000
$DWDP,2018-11-28,0.017483195928215678,0.05249130095524288,1.5677283467887029,0.40925184895726746,0.5648714672638379,-0.9662671376553524,0.012354510547619048,0.1178359685,0.007806728992361415,24750.73,24416.03,308250000
$DWDP,2018-11-29,0.509220213594911,0.017483195928215678,0.05249130095524288,1.5677283467887029,0.40925184895726746,0.5648714672638379,0.04992849135937501,0.0,0.021487272498836224,25368.93,24832.84,362160000
$DWDP,2018-11-30,1.6338726899031688,0.509220213594911,0.017483195928215678,0.05249130095524288,1.5677283467887029,0.40925184895726746,0.010617777277777775,0.0,-0.00018979113111178972,25479.04,25202.79,305110000
$XOM,2018-11-26,0.9706263298778566,-0.7363644516978587,0.16789003345681136,-1.8490142592433687,0.9686491780508754,0.7528343973630353,0.026043352073770492,-0.0033688992368421065,-0.0020730264131096103,24408.8,24268.74,155940000
$XOM,2018-11-27,0.6268817537504049,0.9706263298778566,-0.7363644516978587,0.16789003345681136,-1.8490142592433687,0.9686491780508754,0.003292770342857145,-0.0140754635,0.011332643521439123,24673.29,24364.13,306280000
$XOM,2018-11-28,1.8302128971427107,0.6268817537504049,0.9706263298778566,-0.7363644516978587,0.16789003345681136,-1.8490142592433687,0.007696590668067226,0.004029304038461539,0.007806728992361415,24750.73,24416.03,308250000
$XOM,2018-11-29,1.073889446153954,1.8302128971427107,0.6268817537504049,0.9706263298778566,-0.7363644516978587,0.16789003345681136,0.009529606076190474,0.010535529272727273,0.021487272498836224,25368.93,24832.84,362160000
$XOM,2018-11-30,1.3384360645043207,1.073889446153954,1.8302128971427107,0.6268817537504049,0.9706263298778566,-0.7363644516978587,0.013567444316406257,0.0,-0.00018979113111178972,25479.04,25202.79,305110000
$GS,2018-11-26,1.658209028251309,-1.3099496366790042,0.26550563556047,-1.9272217570459864,-1.7886342850917558,-0.3991512284179072,0.0,-0.013965201473214287,-0.0020730264131096103,24408.8,24268.74,155940000
$GS,2018-11-27,0.12926577450349366,1.658209028251309,-1.3099496366790042,0.26550563556047,-1.9272217570459864,-1.7886342850917558,0.0,0.025000000041666668,0.011332643521439123,24673.29,24364.13,306280000
$GS,2018-11-28,1.8014831818914412,0.12926577450349366,1.658209028251309,-1.3099496366790042,0.26550563556047,-1.9272217570459864,0.0,-0.027976190499999998,0.007806728992361415,24750.73,24416.03,308250000
$GS,2018-11-29,-0.5968769224793282,1.8014831818914412,0.12926577450349366,1.658209028251309,-1.3099496366790042,0.26550563556047,0.0,-0.021832455,0.021487272498836224,25368.93,24832.84,362160000
$GS,2018-11-30,0.06296642313884736,-0.5968769224793282,1.8014831818914412,0.12926577450349366,1.658209028251309,-1.3099496366790042,0.0159296802217742,0.0,-0.00018979113111178972,25479.04,25202.79,305110000
$HD,2018-11-26,-0.22326065266557693,-0.3187869933753669,-0.41176291073069854,-0.11816658684915067,-1.7656104676791469,1.7414786387922272,0.004434866133333335,0.013912645511111113,-0.0020730264131096103,24408.8,24268.74,155940000
$HD,2018-11-27,2.4303711167392548,-0.22326065266557693,-0.3187869933753669,-0.41176291073069854,-0.11816658684915067,-1.7656104676791469,0.01966320374731183,0.01622300078735632,0.011332643521439123,24673.29,24364.13,306280000
$HD,2018-11-28,2.6140702781457192,2.4303711167392548,-0.22326065266557693,-0.3187869933753669,-0.41176291073069854,-0.11816658684915067,0.013241263853383457,0.026764610570312476,0.007806728992361415,24750.73,24416.03,308250000
$HD,2018-11-29,-0.6447960237391541,2.6140702781457192,2.4303711167392548,-0.22326065266557693,-0.3187869933753669,-0.41176291073069854,0.032691164681818166,0.018379901559090923,0.021487272498836224,25368.93,24832.84,362160000
$HD,2018-11-30,2.6002886624288757,-0.6447960237391541,2.6140702781457192,2.4303711167392548,-0.22326065266557693,-0.3187869933753669,0.03499164798314607,0.0,-0.00018979113111178972,25479.04,25202.79,305110000
$IBM,2018-11-26,1.0053178883161598,-0.7621254334780608,0.8162563383135982,-1.0887002605996206,-1.0852583446778996,0.5624950852915698,0.0,0.0,-0.0020730264131096103,24408.8,24268.74,155940000
$IBM,2018-11-27,1.3938178443666638,1.0053178883161598,-0.7621254334780608,0.8162563383135982,-1.0887002605996206,-1.0852583446778996,0.0,0.0,0.011332643521439123,24673.29,24364.13,306280000
$IBM,2018-11-28,1.6444903963634627,1.3938178443666638,1.0053178883161598,-0.7621254334780608,0.8162563383135982,-1.0887002605996206,0.0,0.0,0.007806728992361415,24750.73,24416.03,308250000
$IBM,2018-11-29,-0.7840567341805342,1.6444903963634627,1.3938178443666638,1.0053178883161598,-0.7621254334780608,0.8162563383135982,0.0003359798461538433,0.005959027585365845,0.021487272498836224,25368.93,24832.84,362160000
$IBM,2018-11-30,2.1453171974298613,-0.7840567341805342,1.6444903963634627,1.3938178443666638,1.0053178883161598,-0.7621254334780608,0.017240225860360357,0.0,-0.00018979113111178972,25479.04,25202.79,305110000
$INTC,2018-11-26,0.3807918414060811,-0.3212630447494477,-1.7136880271118555,-0.021101552549545592,-1.2548870658143174,2.2189687317006133,0.0,0.0,-0.0020730264131096103,24408.8,24268.74,155940000
$INTC,2018-11-27,2.407330850393892,0.3807918414060811,-0.3212630447494477,-1.7136880271118555,-0.021101552549545592,-1.2548870658143174,0.0,0.0,0.011332643521439123,24673.29,24364.13,306280000
$INTC,2018-11-28,1.919069691274488,2.407330850393892,0.3807918414060811,-0.3212630447494477,-1.7136880271118555,-0.021101552549545592,0.0,0.0,0.007806728992361415,24750.73,24416.03,308250000
$INTC,2018-11-29,-1.6292037289785524,1.919069691274488,2.407330850393892,0.3807918414060811,-0.3212630447494477,-1.7136880271118555,0.015171077518518525,0.008237153850340137,0.021487272498836224,25368.93,24832.84,362160000
$INTC,2018-11-30,2.8362890275545243,-1.6292037289785524,1.919069691274488,2.407330850393892,0.3807918414060811,-0.3212630447494477,0.005829739212871297,0.0,-0.00018979113111178972,25479.04,25202.79,305110000
$JNJ,2018-11-26,-0.44366541043133795,0.2678812884548898,-2.899535224137667,-0.7118664757680084,0.8877983451356316,0.8845267914525057,0.0018535968580246924,0.0237871852063492,-0.0020730264131096103,24408.8,24268.74,155940000
$JNJ,2018-11-27,1.8851773197765271,-0.44366541043133795,0.2678812884548898,-2.899535224137667,-0.7118664757680084,0.8877983451356316,0.020915756295275582,0.008858161725490196,0.011332643521439123,24673.29,24364.13,306280000
$JNJ,2018-11-28,1.8146426872867008,1.8851773197765271,-0.44366541043133795,0.2678812884548898,-2.899535224137667,-0.7118664757680084,0.018583869547297294,0.014848006828467148,0.007806728992361415,24750.73,24416.03,308250000
$JNJ,2018-11-29,0.15795288699400378,1.8146426872867008,1.8851773197765271,-0.44366541043133795,0.2678812884548898,-2.899535224137667,0.014795591659574453,0.005150693929629628,0.021487272498836224,25368.93,24832.84,362160000
$JNJ,2018-11-30,1.0733436066470117,0.15795288699400378,1.8146426872867008,1.8851773197765271,-0.44366541043133795,0.2678812884548898,0.025336159548507462,0.0,-0.00018979113111178972,25479.04,25202.79,305110000
$JPM,2018-11-26,1.4296332139581938,-0.0843136028590574,-1.2748779282866296,-1.211515618367368,0.7911993032245155,0.4933768209995518,0.0,0.0,-0.0020730264131096103,24408.8,24268.74,155940000
$JPM,2018-11-27,0.8826765958225908,1.4296332139581938,-0.0843136028590574,-1.2748779282866296,-1.211515618367368,0.7911993032245155,0.01773385342857143,0.01371079894642857,0.011332643521439123,24673.29,24364.13,306280000
$JPM,2018-11-28,1.0382507813875574,0.8826765958225908,1.4296332139581938,-0.0843136028590574,-1.2748779282866296,-1.211515618367368,0.025126829864942538,0.0017449740981012657,0.007806728992361415,24750.73,24416.03,308250000
$JPM,2018-11-29,-0.19044081877720875,1.0382507813875574,0.8826765958225908,1.4296332139581938,-0.0843136028590574,-1.2748779282866296,0.045138751249999984,0.0091257120433526,0.021487272498836224,25368.93,24832.84,362160000
$JPM,2018-11-30,1.2198488720059837,-0.19044081877720875,1.0382507813875574,0.8826765958225908,1.4296332139581938,-0.0843136028590574,0.023801376551282,0.0,-0.00018979113111178972,25479.04,25202.79,305110000
$MCD,2018-11-26,0.8168890038503346,-0.32325859241101823,-0.26745563845174725,-1.0556317522525556,-0.5433068299862587,2.2288808380875342,0.03629067055319148,0.031233793222222223,-0.0020730264131096103,24408.8,24268.74,155940000
$MCD,2018-11-27,0.7091054594303735,0.8168890038503346,-0.32325859241101823,-0.26745563845174725,-1.0556317522525556,-0.5433068299862587,0.012771693228070178,0.017479969260416665,0.011332643521439123,24673.29,24364.13,306280000
$MCD,2018-11-28,1.0109183580535506,0.7091054594303735,0.8168890038503346,-0.32325859241101823,-0.26745563845174725,-1.0556317522525556,0.012688951616071427,0.017425262294642863,0.007806728992361415,24750.73,24416.03,308250000
$MCD,2018-11-29,-0.7655236496027771,1.0109183580535506,0.7091054594303735,0.8168890038503346,-0.32325859241101823,-0.26745563845174725,0.008807299726027396,-0.006635605977941177,0.021487272498836224,25368.93,24832.84,362160000
$MCD,2018-11-30,0.09026132114833854,-0.7655236496027771,1.0109183580535506,0.7091054594303735,0.8168890038503346,-0.32325859241101823,0.007886245614649684,0.0,-0.00018979113111178972,25479.04,25202.79,305110000
$MRK,2018-11-26,0.6000861320922011,0.7284512822539535,-0.1735147578685516,-1.6182125014667086,0.17055530219889115,1.7661222003648105,0.0,-0.125,-0.0020730264131096103,24408.8,24268.74,155940000
$MRK,2018-11-27,1.6917498977344043,0.6000861320922011,0.7284512822539535,-0.1735147578685516,-1.6182125014667086,0.17055530219889115,0.03440206973170731,-0.004397370882352949,0.011332643521439123,24673.29,24364.13,306280000
$MRK,2018-11-28,0.5598962084493554,1.6917498977344043,0.6000861320922011,0.7284512822539535,-0.1735147578685516,-1.6182125014667086,0.01132408205833333,-0.006934379928571429,0.007806728992361415,24750.73,24416.03,308250000
$MRK,2018-11-29,0.9327648632342859,0.5598962084493554,1.6917498977344043,0.6000861320922011,0.7284512822539535,-0.1735147578685516,0.014747578363354042,0.0330296301,0.021487272498836224,25368.93,24832.84,362160000
$MRK,2018-11-30,1.9270298953879013,0.9327648632342859,0.5598962084493554,1.6917498977344043,0.6000861320922011,0.7284512822539535,0.01101726410931175,0.0,-0.00018979113111178972,25479.04,25202.79,305110000
$MSFT,2018-11-26,1.6032066900448383,0.8808863091009262,-0.472970917940632,-0.08841253888705274,-3.3711960927802616,1.1299953901585942,0.0,0.0,-0.0020730264131096103,24408.8,24268.74,155940000
$MSFT,2018-11-27,0.8186720373240876,1.6032066900448383,0.8808863091009262,-0.472970917940632,-0.08841253888705274,-3.3711960927802616,0.0,0.058455433416666674,0.011332643521439123,24673.29,24364.13,306280000
$MSFT,2018-11-28,2.99379309964432,0.8186720373240876,1.6032066900448383,0.8808863091009262,-0.472970917940632,-0.08841253888705274,0.0,-0.13611111116666666,0.007806728992361415,24750.73,24416.03,308250000
$MSFT,2018-11-29,-0.1268914958080167,2.99379309964432,0.8186720373240876,1.6032066900448383,0.8808863091009262,-0.472970917940632,0.0,0.009109960289327791,0.021487272498836224,25368.93,24832.84,362160000
$MSFT,2018-11-30,0.17163725984119554,-0.1268914958080167,2.99379309964432,0.8186720373240876,1.6032066900448383,0.8808863091009262,0.0031131632130434773,0.0,-0.00018979113111178972,25479.04,25202.79,305110000
$NKE,2018-11-26,0.5114774195644095,-0.7772451967642474,0.5278578887189346,0.8937507474891131,-2.9053497488398086,1.328627574778356,0.02794807132954546,-0.03816817253333335,-0.0020730264131096103,24408.8,24268.74,155940000
$NKE,2018-11-27,-0.262870011919082,0.5114774195644095,-0.7772451967642474,0.5278578887189346,0.8937507474891131,-2.9053497488398086,0.023244672301886794,0.0705808080909091,0.011332643521439123,24673.29,24364.13,306280000
$NKE,2018-11-28,3.2641777465238766,-0.262870011919082,0.5114774195644095,-0.7772451967642474,0.5278578887189346,0.8937507474891131,0.0019719080833333347,-0.016615579666666668,0.007806728992361415,24750.73,24416.03,308250000
$NKE,2018-11-29,-0.4019333523727479,3.2641777465238766,-0.262870011919082,0.5114774195644095,-0.7772451967642474,0.5278578887189346,0.017770807394736843,0.02027173915,0.021487272498836224,25368.93,24832.84,362160000
$NKE,2018-11-30,1.2671912072514009,-0.4019333523727479,3.2641777465238766,-0.262870011919082,0.5114774195644095,-0.7772451967642474,0.02824854759230769,0.0,-0.00018979113111178972,25479.04,25202.79,305110000
$PFE,2018-11-26,0.04616910873630843,0.4423716492059523,-0.919543737652658,-1.0906602148209446,1.2838179436122663,0.9512757817341668,0.0,-0.033302952000000004,-0.0020730264131096103,24408.8,24268.74,155940000
$PFE,2018-11-27,2.013886380833407,0.04616910873630843,0.4423716492059523,-0.919543737652658,-1.0906602148209446,1.2838179436122663,0.0,0.030263157800000003,0.011332643521439123,24673.29,24364.13,306280000
$PFE,2018-11-28,1.3772874186997508,2.013886380833407,0.04616910873630843,0.4423716492059523,-0.919543737652658,-1.0906602148209446,0.024378254934782604,0.023894201961538464,0.007806728992361415,24750.73,24416.03,308250000
$PFE,2018-11-29,1.6756032799920568,1.3772874186997508,2.013886380833407,0.04616910873630843,0.4423716492059523,-0.919543737652658,0.014537001071428562,0.0027878318333333287,0.021487272498836224,25368.93,24832.84,362160000
$PFE,2018-11-30,1.9404654856105576,1.6756032799920568,1.3772874186997508,2.013886380833407,0.04616910873630843,0.4423716492059523,0.025468029109289612,0.0,-0.00018979113111178972,25479.04,25202.79,305110000
$PG,2018-11-26,0.8667042263329532,0.3178092224957192,-0.2727470979835293,-1.222650596060781,-0.4588138066314839,0.0,0.04256293530833333,-0.041210423611111116,-0.0020730264131096103,24408.8,24268.74,155940000
$PG,2018-11-27,0.8593504981016145,0.8667042263329532,0.3178092224957192,-0.2727470979835293,-1.222650596060781,-0.4588138066314839,0.03819594237671234,-0.04466538757142857,0.011332643521439123,24673.29,24364.13,306280000
$PG,2018-11-28,0.4102395488287442,0.8593504981016145,0.8667042263329532,0.3178092224957192,-0.2727470979835293,-1.222650596060781,0.026237232603448277,0.1666666665,0.007806728992361415,24750.73,24416.03,308250000
$PG,2018-11-29,-0.0430765833129713,0.4102395488287442,0.8593504981016145,0.8667042263329532,0.3178092224957192,-0.2727470979835293,0.006858619957627118,-0.01082251075,0.021487272498836224,25368.93,24832.84,362160000
$PG,2018-11-30,1.4273468842012988,-0.0430765833129713,0.4102395488287442,0.8593504981016145,0.8667042263329532,0.3178092224957192,0.0030054189259259294,0.0,-0.00018979113111178972,25479.04,25202.79,305110000
$TRV,2018-11-26,2.0833302211442857,-0.6591368104150573,-0.26542072684243617,-1.970219084521575,1.2332363972734188,3.0324858487188413,0.06104254078000001,0.0,-0.0020730264131096103,24408.8,24268.74,155940000
$TRV,2018-11-27,-0.1925150152664266,2.0833302211442857,-0.6591368104150573,-0.26542072684243617,-1.970219084521575,1.2332363972734188,0.03366702741666666,0.0,0.011332643521439123,24673.29,24364.13,306280000
$TRV,2018-11-28,0.911050522588768,-0.1925150152664266,2.0833302211442857,-0.6591368104150573,-0.26542072684243617,-1.970219084521575,0.03044207121875,0.0,0.007806728992361415,24750.73,24416.03,308250000
$TRV,2018-11-29,0.44598371199103787,0.911050522588768,-0.1925150152664266,2.0833302211442857,-0.6591368104150573,-0.26542072684243617,0.007365359999999999,0.0384615385,0.021487272498836224,25368.93,24832.84,362160000
$TRV,2018-11-30,-0.015341876336050988,0.44598371199103787,0.911050522588768,-0.1925150152664266,2.0833302211442857,-0.6591368104150573,0.020970400776595743,0.0,-0.00018979113111178972,25479.04,25202.79,305110000
$UTX,2018-11-26,-1.3945527566281213,3.2402556137151843,-0.45926187888987197,-0.966755737231978,-1.6538473275991583,0.8759727773740309,0.0,0.0,-0.0020730264131096103,24408.8,24268.74,155940000
$UTX,2018-11-27,-0.8005157907555698,-1.3945527566281213,3.2402556137151843,-0.45926187888987197,-0.966755737231978,-1.6538473275991583,0.014590964625000001,-0.021062271041666667,0.011332643521439123,24673.29,24364.13,306280000
$UTX,2018-11-28,-0.4219039700335953,-0.8005157907555698,-1.3945527566281213,3.2402556137151843,-0.45926187888987197,-0.966755737231978,0.016651628442622954,0.009584737931982501,0.007806728992361415,24750.73,24416.03,308250000
$UTX,2018-11-29,-1.2948969422835903,-0.4219039700335953,-0.8005157907555698,-1.3945527566281213,3.2402556137151843,-0.45926187888987197,0.015227175961538466,-0.027777777666666666,0.021487272498836224,25368.93,24832.84,362160000
$UTX,2018-11-30,0.8943310554448358,-1.2948969422835903,-0.4219039700335953,-0.8005157907555698,-1.3945527566281213,3.2402556137151843,0.02666309985616439,0.0,-0.00018979113111178972,25479.04,25202.79,305110000
$UNH,2018-11-26,0.5819698334738005,0.6230750450721154,-0.7768797644129867,-1.5510862107236396,-2.0001558028641875,2.3095193564762817,0.006199127467741939,-0.036207572666666674,-0.0020730264131096103,24408.8,24268.74,155940000
$UNH,2018-11-27,2.101135827982769,0.5819698334738005,0.6230750450721154,-0.7768797644129867,-1.5510862107236396,-2.0001558028641875,0.01631807581481482,0.25,0.011332643521439123,24673.29,24364.13,306280000
$UNH,2018-11-28,2.979988514240753,2.101135827982769,0.5819698334738005,0.6230750450721154,-0.7768797644129867,-1.5510862107236396,0.03309485354583334,0.049901457864864864,0.007806728992361415,24750.73,24416.03,308250000
$UNH,2018-11-29,0.7559801635192885,2.979988514240753,2.101135827982769,0.5819698334738005,0.6230750450721154,-0.7768797644129867,0.01742195009016392,0.02489358411224489,0.021487272498836224,25368.93,24832.84,362160000
$UNH,2018-11-30,-0.5759938298391807,0.7559801635192885,2.979988514240753,2.101135827982769,0.5819698334738005,0.6230750450721154,0.01948810928828829,0.0,-0.00018979113111178972,25479.04,25202.79,305110000
$VZ,2018-11-26,0.9038178458617688,-0.37377033371018,-0.16874532054240285,-2.5725048766620784,0.6141061110120591,1.947168446395786,0.06547789022499997,-0.033302952000000004,-0.0020730264131096103,24408.8,24268.74,155940000
$VZ,2018-11-27,2.4320257788753774,0.9038178458617688,-0.37377033371018,-0.16874532054240285,-2.5725048766620784,0.6141061110120591,0.03932142831355934,-0.005534206299999997,0.011332643521439123,24673.29,24364.13,306280000
$VZ,2018-11-28,-1.0543647143398238,2.4320257788753774,0.9038178458617688,-0.37377033371018,-0.16874532054240285,-2.5725048766620784,0.02445960667699115,0.0211225729375,0.007806728992361415,24750.73,24416.03,308250000
$VZ,2018-11-29,0.05049241824080177,-1.0543647143398238,2.4320257788753774,0.9038178458617688,-0.37377033371018,-0.16874532054240285,0.033173690963636364,0.02814293400000001,0.021487272498836224,25368.93,24832.84,362160000
$VZ,2018-11-30,1.2254482893672982,0.05049241824080177,-1.0543647143398238,2.4320257788753774,0.9038178458617688,-0.37377033371018,0.04319732446835445,0.0,-0.00018979113111178972,25479.04,25202.79,305110000
$V,2018-11-26,0.9955395818185074,0.2111763986955168,0.044654330396845486,2.348244659599372,-4.064929639244299,-0.1709197381382256,0.029811097726833966,-0.06225708664999999,-0.0020730264131096103,24408.8,24268.74,155940000
$V,2018-11-27,0.4657043823901301,0.9955395818185074,0.2111763986955168,0.044654330396845486,2.348244659599372,-4.064929639244299,0.01833486738695652,0.009361327333333332,0.011332643521439123,24673.29,24364.13,306280000
$V,2018-11-28,3.1443768354072463,0.4657043823901301,0.9955395818185074,0.2111763986955168,0.044654330396845486,2.348244659599372,0.02127889985779817,0.009135314831280791,0.007806728992361415,24750.73,24416.03,308250000
$V,2018-11-29,-1.1301416662870678,3.1443768354072463,0.4657043823901301,0.9955395818185074,0.2111763986955168,0.044654330396845486,0.017292103318627454,0.0068035714499999995,0.021487272498836224,25368.93,24832.84,362160000
$V,2018-11-30,1.9423151670569083,-1.1301416662870678,3.1443768354072463,0.4657043823901301,0.9955395818185074,0.2111763986955168,0.03152396513453158,0.0,-0.00018979113111178972,25479.04,25202.79,305110000
$WMT,2018-11-26,-0.5643232330963749,1.0304910751156993,-0.2013590930237936,-0.8633392986339142,-1.1844023210060268,-1.1434904441485778,0.012470727311688308,0.04804159318518519,-0.0020730264131096103,24408.8,24268.74,155940000
$WMT,2018-11-27,0.0526403335954641,-0.5643232330963749,1.0304910751156993,-0.2013590930237936,-0.8633392986339142,-1.1844023210060268,0.0007674128385626363,0.029857539652980717,0.011332643521439123,24673.29,24364.13,306280000
$WMT,2018-11-28,2.1058168679883704,0.0526403335954641,-0.5643232330963749,1.0304910751156993,-0.2013590930237936,-0.8633392986339142,0.007152211526315789,0.03065502597959183,0.007806728992361415,24750.73,24416.03,308250000
$WMT,2018-11-29,0.2782975487561342,2.1058168679883704,0.0526403335954641,-0.5643232330963749,1.0304910751156993,-0.2013590930237936,0.013796220628571429,0.008812497163934428,0.021487272498836224,25368.93,24832.84,362160000
$WMT,2018-11-30,0.2566735072725597,0.2782975487561342,2.1058168679883704,0.0526403335954641,-0.5643232330963749,1.0304910751156993,0.017968643009554138,0.0,-0.00018979113111178972,25479.04,25202.79,305110000
$WBA,2018-11-26,0.3192466834992989,2.1489027115741703,-0.7960191262464547,-1.5910223068510796,-0.5100779543659523,0.06062255562417827,0.020975535200000003,0.0,-0.0020730264131096103,24408.8,24268.74,155940000
$WBA,2018-11-27,2.165133508338112,0.3192466834992989,2.1489027115741703,-0.7960191262464547,-1.5910223068510796,-0.5100779543659523,0.0177902214375,0.0,0.011332643521439123,24673.29,24364.13,306280000
$WBA,2018-11-28,0.9782864445355668,2.165133508338112,0.3192466834992989,2.1489027115741703,-0.7960191262464547,-1.5910223068510796,-0.013075087925925925,0.03535353533333333,0.007806728992361415,24750.73,24416.03,308250000
$WBA,2018-11-29,1.2046781731239278,0.9782864445355668,2.165133508338112,0.3192466834992989,2.1489027115741703,-0.7960191262464547,0.025236622621428575,0.025879984214285705,0.021487272498836224,25368.93,24832.84,362160000
$WBA,2018-11-30,-0.2121394324251881,1.2046781731239278,0.9782864445355668,2.165133508338112,0.3192466834992989,2.1489027115741703,-0.0123313453150685,0.0,-0.00018979113111178972,25479.04,25202.79,305110000
